customerId|firstName|lastName|email|address|city|state|postalCode|countryCode|phone|createdTime
10000000-0000-0000-0000-000000000001|Aaron|Atkins|atkinsman@yahoo.com|101 Adams Lane|Anchorage|AK|99501|US|100-000-0001|2017-04-01T00:00:00.00Z
10000000-0000-0000-0000-000000000002|Ben|Bailey|ben.bailey22@gmail.com|102 Bellevue Blvd|Baltimore|MD|21201|US|100-000-0002|2017-04-01T00:00:00.00Z
10000000-0000-0000-0000-000000000003|Charles|Chardonnay|chardonnay.family@aol.com|103 Charity Court|Cincinatti|OH|45201|US|100-000-0003|2017-04-01T00:00:00.00Z
10000000-0000-0000-0000-000000000004|Divya|Divani|divine.divya@gmail.com|104 Dilbert Drive|Detroit|MI|48201|US|100-000-0004|2017-04-01T00:00:00.00Z
10000000-0000-0000-0000-000000000005|Evelyn|Esther|evelyn44@me.com|105 Echo Lane|El Paso|TX|79900|US|100-000-0005|2017-04-01T00:00:00.00Z
10000000-0000-0000-0000-000000000006|Freddie|Flake|freddie.flake@comcast.net|106 Felicity Lane|Ft. Lauderdale|FL|33301|US|100-000-0006|2017-04-01T00:00:00.00Z
10000000-0000-0000-0000-000000000007|Guillaume|Gadot|guillaume.golfer@live.com|107 George Court|Green Bay|WI|54301|US|100-000-0007|2017-04-01T00:00:00.00Z
10000000-0000-0000-0000-000000000008|Hari|Hirendra|sunshine.hari@gmail.com|108 Harris Avenue|Honolulu|HI|96801|US|100-000-0008|2017-04-01T00:00:00.00Z
10000000-0000-0000-0000-000000000009|Ian|Ireland|ian.ireland88@yahoo.com|109 Iowa Avenue|Indianapolis|IN|46201|US|100-000-0009|2017-04-01T00:00:00.00Z
10000000-0000-0000-0000-000000000010|John|Jameson|scubaguy12@gmail.com|110 Joshua Avenue|Jefferson City|MO|65101|US|100-000-0010|2017-04-01T00:00:00.00Z
10000000-0000-0000-0000-000000000011|Kim|Karlton|kim@karltonfamily.org|111 Karma Court|Key West|FL|33040|US|100-000-0011|2017-04-01T00:00:00.00Z
10000000-0000-0000-0000-000000000012|Li|Liang|lliang@qwest.com|112 Leming Lane|Lafayette|LA|70598|US|100-000-0012|2017-04-01T00:00:00.00Z
10000000-0000-0000-0000-000000000013|Maria|Manuel|netdragon@yahoo.com|113 Memphis Parkway|Meridian|MS|39301|US|100-000-0013|2017-04-01T00:00:00.00Z
10000000-0000-0000-0000-000000000014|Julie|Bailey|jules47@aol.com|102 Bellevue Blvd|Baltimore|MD|21201|US|100-000-0014|2017-03-01T00:00:00.00Z
10000000-0000-0000-0000-000000000015|Nancy|Nicety|nnicety@sbcglobal.net|115 Naples Street|Nunapitchuk|AL|99641|US|100-000-0014|2017-03-01T00:00:00.00Z
10000000-0000-0000-0000-000000000016|Osirus|O'Sirus|osirus@osirusplumbing.com|116 Ocean Place|Oklahoma City|OK|73101|US|100-000-0014|2017-03-01T00:00:00.00Z
10000000-0000-0000-0000-000000000017|Paul|Pierce|paul.pierce@comcast.net|117 Pelican Place|Philadelphia|PA|19092|US|100-000-0014|2017-03-01T00:00:00.00Z
10000000-0000-0000-0000-000000000018|Quentin|Quickening|qquickening@empirepublishing.com|118 Quisenberry Avenue|Queens|NY|11011|US|100-000-0014|2017-03-01T00:00:00.00Z
10000000-0000-0000-0000-000000000019|Ruth|Regalo|ruth.regalo48@aol.com|119 Reginald Road|Roswell|NM|88201|US|100-000-0014|2017-03-01T00:00:00.00Z
10000000-0000-0000-0000-000000000020|Sally|Struthers|another.sally84@yahoo.com|120 Sap Street|Shreveport|LA|71104|US|100-000-0014|2017-03-01T00:00:00.00Z
10000000-0000-0000-0000-000000000021|Thomas|Timothy|binaryboy12@gmail.com|121 Tonka Trail|Tyler|TX|75799|US|100-000-0014|2017-03-01T00:00:00.00Z
10000000-0000-0000-0000-000000000022|Ulysses|Unilever|ulysses128@gmail.com|122 Under Court|Unalakleet|AK|99684|US|100-000-0014|2017-03-01T00:00:00.00Z
10000000-0000-0000-0000-000000000023|Vera|Verily|dancer.vera@yahoo.com|123 Verde Drive|Vero Beach|FL|32960|US|100-000-0014|2017-03-01T00:00:00.00Z
10000000-0000-0000-0000-000000000024|Xavier|Xanders|xavier.xanders@gmail.com|124 Xanadu Boulevard|Xenia|OH|45385|US|100-000-0014|2017-03-01T00:00:00.00Z
10000000-0000-0000-0000-000000000025|Wanda|Wichita|help.me.wanda@yahoo.com|125 Wiggins Way|Wright|WY|82732|US|100-000-0014|2017-01-01T00:00:00.00Z
10000000-0000-0000-0000-000000000026|Yolanda|Yucutan|yonkers.yolanda@aol.com|125 Yeti Circle|Yonkers|NY|10701|US|100-000-0014|2017-04-01T00:00:00.00Z
10000000-0000-0000-0000-000000000027|Zach|Zelanko|zzelanko@zzyzx.net|1284 Zzyzx Road|Zzyzx|CA|92309|US|442-425-8528|2017-07-01T00:00:00.00Z
10000000-0000-0000-0000-000000000028|Andrew|Adelman|atlanta.andrew@yahoo.com|1265 Anchor Terrace SW|Atlanta|GA|30311|US|678-412-9880|2017-03-01T00:00:00.00Z
10000000-0000-0000-0000-000000000029|Bob|Briody|oitsubob@gmail.com|739 Baylor Ave|Bonita|CA|91902|US|619-212-5946|2017-03-12T00:00:00.00Z
10000000-0000-0000-0000-000000000030|Carly|Cotell|ccotell@hp.com|4619 Crimson Cir N|Colorado Springs|CO|80917|US|719-585-6201|2017-06-23T00:00:00.00Z
10000000-0000-0000-0000-000000000031|Peter|Laramore|peter.laramore@warnerbros.com|1817 S Barrington Ave|Los Angeles|CA|90025|US|310-420-1642|2017-02-02T00:00:00.00Z
10000000-0000-0000-0000-000000000032|Phil|Hargrave|phil@familyhargrave.org|3440 Topping Rd|Madison|WI|53705|US|608-940-2256|2017-02-12T00:00:00.00Z
10000000-0000-0000-0000-000000000033|Joe|Banks|volcanojoe@gmail.com|650 Del Prado Drive|Boulder City|NV|89005|702-294-2722|2017-02-22T00:00:00.00Z
10000000-0000-0000-0000-000000000034|Joe|Banks|joe.plus.patricia@stanley.com|650 Del Prado Drive|Boulder City|NV|89005|702-293-3843|2017-03-04T00:00:00.00Z